{
  "task": {
    "name": "masked_multimodal_reconstruction",
    "target": "cycle_phase",
    "kind": "categorical",
    "note": "Research-only. Not a diagnosis."
  },
  "splits": {
    "train": 14,
    "val": 5,
    "test": 5
  },
  "missingness_synth": {
    "n_rows": 840,
    "n_participants": 24,
    "per_column_missing_rate": {
      "hr_mean": 0.08571428571428572,
      "hrv_rmssd": 0.06666666666666667,
      "steps": 0.06190476190476191,
      "sleep_hours": 0.06547619047619048,
      "sleep_efficiency": 0.08214285714285714,
      "cgm_mean": 0.06785714285714285,
      "cgm_std": 0.08928571428571429,
      "symptom_fatigue": 0.07738095238095238,
      "symptom_mood": 0.07738095238095238,
      "symptom_pain": 0.08333333333333333
    },
    "mean_missing_rate": 0.07571428571428572
  },
  "tsts": {
    "kind": "categorical",
    "n": 145,
    "macro_f1": 0.6565865782932891,
    "balanced_accuracy": 0.638070263070263,
    "accuracy": 0.7586206896551724,
    "ece": 0.09761928079468415
  },
  "naive_tsts": {
    "kind": "categorical",
    "n": 145,
    "macro_f1": 0.15639810426540285,
    "balanced_accuracy": 0.25,
    "accuracy": 0.45517241379310347
  },
  "delta_tsts": {
    "delta_macro_f1": 0.5001884740278864,
    "delta_balanced_accuracy": 0.38807026307026304,
    "delta_accuracy": 0.3034482758620689
  },
  "tstr": null,
  "trtr": null,
  "naive_real": null,
  "headline": {
    "primary_metric": "balanced_accuracy",
    "protocol": "TSTS",
    "tstr": 0.638070263070263,
    "naive": 0.25,
    "trtr": null,
    "beats_naive": 0.38807026307026304,
    "pct_of_trtr": null,
    "headline": "TSTS balanced_accuracy=0.638 (+0.388 vs naive)"
  },
  "mode": "TSTS_synth_only"
}