{
  "task": {
    "name": "masked_multimodal_reconstruction",
    "target": "cycle_phase",
    "kind": "categorical",
    "note": "Research-only. Not a diagnosis."
  },
  "synth_fitted_from": "mcphases_train_stats_correlated",
  "splits_synth_prior": {
    "train": 14,
    "val": 5,
    "test": 5
  },
  "splits_real": {
    "train": 25,
    "val": 8,
    "test": 9
  },
  "missingness_synth": {
    "n_rows": 7200,
    "n_participants": 120,
    "per_column_missing_rate": {
      "hr_mean": 0.08,
      "hrv_rmssd": 0.08222222222222222,
      "steps": 0.08486111111111111,
      "sleep_hours": 0.07791666666666666,
      "sleep_efficiency": 0.07680555555555556,
      "cgm_mean": 0.08041666666666666,
      "cgm_std": 0.0775,
      "symptom_fatigue": 0.0763888888888889,
      "symptom_mood": 0.07958333333333334,
      "symptom_pain": 0.08222222222222222
    },
    "mean_missing_rate": 0.07979166666666666
  },
  "tsts": {
    "kind": "categorical",
    "n": 145,
    "macro_f1": 0.6565865782932891,
    "balanced_accuracy": 0.638070263070263,
    "accuracy": 0.7586206896551724,
    "ece": 0.09761928079468415
  },
  "naive_tsts": {
    "kind": "categorical",
    "n": 145,
    "macro_f1": 0.15639810426540285,
    "balanced_accuracy": 0.25,
    "accuracy": 0.45517241379310347
  },
  "delta_tsts": {
    "delta_macro_f1": 0.5001884740278864,
    "delta_balanced_accuracy": 0.38807026307026304,
    "delta_accuracy": 0.3034482758620689
  },
  "tstr": {
    "kind": "categorical",
    "n": 984,
    "macro_f1": 0.2724859775467726,
    "balanced_accuracy": 0.29502932919366137,
    "accuracy": 0.2784552845528455,
    "ece": 0.42490227969353855
  },
  "trtr": {
    "kind": "categorical",
    "n": 984,
    "macro_f1": 0.30728376137891017,
    "balanced_accuracy": 0.32847421080323597,
    "accuracy": 0.3282520325203252,
    "ece": 0.15018907789198743
  },
  "naive_real": {
    "kind": "categorical",
    "n": 984,
    "macro_f1": 0.12585551330798478,
    "balanced_accuracy": 0.25,
    "accuracy": 0.3363821138211382
  },
  "delta_tstr": {
    "delta_macro_f1": 0.14663046423878784,
    "delta_balanced_accuracy": 0.04502932919366137,
    "delta_accuracy": -0.05792682926829268
  },
  "headline": {
    "primary_metric": "balanced_accuracy",
    "protocol": "TSTR",
    "tstr": 0.29502932919366137,
    "naive": 0.25,
    "trtr": 0.32847421080323597,
    "beats_naive": 0.04502932919366137,
    "pct_of_trtr": 0.898181103692159,
    "headline": "TSTR balanced_accuracy=0.295 (+0.045 vs naive, 90% of TRTR)"
  },
  "mode": "TSTR"
}